<?xml version="1.0" encoding="UTF-8"?>
<module codename="org.kamusi.drupal">
    <module_version install_time="1300709238181" last="true" origin="installer" specification_version="1.0">
        <file crc="2536310530" name="config/Modules/org-kamusi-drupal.xml"/>
        <file crc="3410484206" name="modules/ext/DrupalJava.jar"/>
        <file crc="3905088850" name="modules/ext/commons-codec-1.4.jar"/>
        <file crc="3997199286" name="modules/ext/commons-logging-1.1.jar"/>
        <file crc="774006843" name="modules/ext/ws-commons-util-1.0.2.jar"/>
        <file crc="2270334769" name="modules/ext/xmlrpc-client-3.1.3.jar"/>
        <file crc="161750067" name="modules/ext/xmlrpc-common-3.1.3.jar"/>
        <file crc="131624246" name="modules/ext/xmlrpc-server-3.1.3.jar"/>
        <file crc="1323568032" name="modules/org-kamusi-drupal.jar"/>
    </module_version>
</module>
